{
  "K_values": [
    6,
    10,
    15,
    20,
    30,
    50
  ],
  "pipeline_version": "v1",
  "K6_loss": 9.261774444724465e-13,
  "K6_zero_errors": [
    6.478850155382397e-07,
    2.0280090762429668e-07,
    5.998927190796807e-07,
    1.516899037835018e-07,
    2.8508385150331836e-07,
    8.257261617624006e-07,
    6.820195382368566e-07,
    7.496243111070117e-07
  ],
  "K6_theta": [
    0.36562561158176604,
    -0.682362690950256,
    -0.332849515423701,
    -0.5646276176205193,
    0.19541796283226368,
    1.0
  ],
  "K6_init": "ln(p)",
  "K10_loss": 6.911561057142132e-11,
  "K10_zero_errors": [
    3.2504526114817455e-06,
    1.3029001310334432e-06,
    4.756300754461434e-06,
    5.7707237004986335e-06,
    7.603694826306595e-07,
    1.1941553430223501e-05,
    9.097575796545346e-06,
    1.8572631552059125e-05
  ],
  "K10_theta": [
    0.16418563705643394,
    0.7335671419903096,
    -0.5188623778881504,
    0.2720714342922997,
    0.4894238358817142,
    0.5583560632950031,
    -0.4604959719899896,
    -1.0,
    -0.17065288754520555,
    -0.41241530458297687
  ],
  "K10_init": "p^{-1/2}",
  "K15_loss": 9.204549349296629e-12,
  "K15_zero_errors": [
    5.837585515538649e-07,
    2.039163905259749e-06,
    5.940817996461372e-07,
    1.9377833787860813e-06,
    4.0895668028328223e-07,
    9.168157017579036e-06,
    1.3783200889348684e-05,
    5.790943329789903e-06
  ],
  "K15_theta": [
    0.9673280335281625,
    1.0,
    0.019251628658114542,
    0.03768589083973513,
    -0.6250757289746376,
    -0.6117619252026385,
    -0.22143513892562006,
    -0.24509900861344228,
    -0.31047434317679845,
    -0.08770919748449373,
    -0.5972040700665529,
    -0.3704471847671808,
    -0.3565381448577699,
    -0.6185182142696392,
    0.16910857960504277
  ],
  "K15_init": "p^{-1/2}",
  "K20_loss": 9.427256487758655e-13,
  "K20_zero_errors": [
    7.619298527912095e-08,
    9.982590490986285e-08,
    4.5869738188359785e-07,
    4.325217476476001e-07,
    2.3772344166004685e-07,
    4.956309911145052e-06,
    3.6133091745291743e-06,
    4.977795346242826e-06
  ],
  "K20_theta": [
    0.8142716888378149,
    0.7528357395067165,
    -0.04429142580411529,
    0.4421644657191431,
    -0.06111421433035433,
    -0.49239587201539364,
    -0.2958965287189405,
    -0.37274120549119694,
    -0.5079874855132408,
    0.061991286886490214,
    -0.4029978949805319,
    -0.6956564412958046,
    -0.9173580674080682,
    -0.7032186308278545,
    -1.0,
    -0.930792327302424,
    -0.27271718444818654,
    -0.6435604970160175,
    -0.6025861963258315,
    -0.5325877440830901
  ],
  "K20_init": "ln(p)",
  "K30_loss": 4.757170778963822e-12,
  "K30_zero_errors": [
    7.968455333101286e-07,
    9.505528203926235e-07,
    1.0617190512674414e-06,
    9.022775830884939e-07,
    7.523491947510508e-08,
    2.2267556549959888e-05,
    1.6052758339898023e-05,
    1.9249844272998536e-05
  ],
  "K30_theta": [
    0.46564838380010803,
    0.5087284947539135,
    -0.10913215738006099,
    -0.09356657661701138,
    -0.34632931574260256,
    -0.5424613985743011,
    -0.24576720806487246,
    -0.5512567020936359,
    -0.6782672637277286,
    0.18175535173192586,
    -0.4733052343029443,
    -0.8243523771226863,
    -0.8107128902012248,
    -0.6654684091016929,
    -0.9831297050990039,
    -0.902508623230899,
    -0.6636146831629486,
    -0.6589599718255417,
    -0.6457069749557229,
    -0.7368974822661412,
    -0.8597732168321947,
    -0.8185674129704165,
    -0.6207099758086402,
    -0.9326481258730127,
    -1.0,
    -0.060574156525299835,
    0.3102627585361961,
    0.45098022995348436,
    0.18592040294151663,
    -0.8596071832338675
  ],
  "K30_init": "uniform",
  "K50_loss": 2.1912549563262923e-12,
  "K50_zero_errors": [
    1.3336695450794578e-07,
    1.2226148160512844e-06,
    2.1612316109722653e-07,
    3.433041165037399e-07,
    3.198219236878398e-07,
    1.0687021822113433e-05,
    1.3586926583471752e-05,
    1.2187845874572006e-05
  ],
  "K50_theta": [
    0.2543409311775173,
    0.1869111925808252,
    -0.5499833373767568,
    -0.6257343897881531,
    -0.9542419818564726,
    -0.8652784103622335,
    -0.5682302678905786,
    -0.7884895289143554,
    -1.0,
    0.06778082401785801,
    -0.4990688118030512,
    -0.8289860070626122,
    -0.7650396474827286,
    -0.5587767168409915,
    -0.5670521037041217,
    -0.8333327771356319,
    -0.3955934460218165,
    -0.3183134646872055,
    -0.21407961653754728,
    -0.40603746614411146,
    -0.4760090839277626,
    -0.23368439750319953,
    -0.13926224325972644,
    -0.6093402321123885,
    -0.2874128319739377,
    0.5249284401609067,
    0.796444042595587,
    0.8479178059513409,
    0.6177683223923124,
    -0.19949762297394494,
    0.1116244685571437,
    0.42590079362087185,
    0.27072329797568306,
    0.10739486578217897,
    -0.02617285398857454,
    0.07805614349870743,
    0.3969947180793961,
    0.5317146734197985,
    0.4314401569916398,
    0.18753264922925678,
    0.2640374664126633,
    0.3416462031201946,
    0.45723771442423955,
    0.4133171257351267,
    0.28970088073528694,
    0.21455015762813465,
    -0.20412621981774112,
    0.3931633664285214,
    0.6704833598621499,
    0.7810940312907698
  ],
  "K50_init": "ln(p)"
}